[{"TypeOfSumInsured":"namedPerils","Deductible":"0","SumInsuredLimitOfIndemnity":0,"Slug":"property-damage-due-to-theft","IsBase":false,"IsYuor":false,"IsPremium":false},{"TypeOfSumInsured":"namedPerils","Deductible":"0","SumInsuredLimitOfIndemnity":0,"Slug":"glass","IsBase":false,"IsYuor":false,"IsPremium":false},{"TypeOfSumInsured":"namedPerils","Deductible":"0","SumInsuredLimitOfIndemnity":0,"Slug":"valuables","IsBase":false,"IsYuor":false,"IsPremium":false},{"TypeOfSumInsured":"namedPerils","Deductible":"0","SumInsuredLimitOfIndemnity":0,"Slug":"environmental-liability","IsBase":false,"IsYuor":false,"IsPremium":false},{"TypeOfSumInsured":"namedPerils","Deductible":"0","SumInsuredLimitOfIndemnity":1000000,"Slug":"third-party-liability","IsBase":true,"IsYuor":true,"IsPremium":true},{"TypeOfSumInsured":"namedPerils","Deductible":"0","SumInsuredLimitOfIndemnity":0,"Slug":"damage-to-goods-in-custody","IsBase":false,"IsYuor":false,"IsPremium":false},{"TypeOfSumInsured":"namedPerils","Deductible":"0","SumInsuredLimitOfIndemnity":0,"Slug":"defect-liability-12-months","IsBase":false,"IsYuor":false,"IsPremium":false},{"TypeOfSumInsured":"namedPerils","Deductible":"0","SumInsuredLimitOfIndemnity":0,"Slug":"lease-holders-interest","IsBase":false,"IsYuor":false,"IsPremium":false},{"TypeOfSumInsured":"namedPerils","Deductible":"0","SumInsuredLimitOfIndemnity":0,"Slug":"burst-pipe","IsBase":false,"IsYuor":false,"IsPremium":false},{"TypeOfSumInsured":"namedPerils","Deductible":"0","SumInsuredLimitOfIndemnity":0,"Slug":"assistance","IsBase":false,"IsYuor":false,"IsPremium":false},{"TypeOfSumInsured":"namedPerils","Deductible":"0","SumInsuredLimitOfIndemnity":0,"Slug":"power-surge","IsBase":false,"IsYuor":false,"IsPremium":false},{"TypeOfSumInsured":"namedPerils","Deductible":"0","SumInsuredLimitOfIndemnity":0,"Slug":"atmospheric-event","IsBase":false,"IsYuor":false,"IsPremium":false},{"TypeOfSumInsured":"namedPerils","Deductible":"0","SumInsuredLimitOfIndemnity":0,"Slug":"water-damage","IsBase":false,"IsYuor":false,"IsPremium":false},{"TypeOfSumInsured":"namedPerils","Deductible":"0","SumInsuredLimitOfIndemnity":0,"Slug":"increased-cost-of-working","IsBase":false,"IsYuor":false,"IsPremium":false},{"TypeOfSumInsured":"namedPerils","Deductible":"0","SumInsuredLimitOfIndemnity":0,"Slug":"business-interruption","IsBase":false,"IsYuor":false,"IsPremium":false},{"TypeOfSumInsured":"namedPerils","Deductible":"0","SumInsuredLimitOfIndemnity":250000,"Slug":"product-liability","IsBase":false,"IsYuor":false,"IsPremium":true},{"TypeOfSumInsured":"namedPerils","Deductible":"0","SumInsuredLimitOfIndemnity":0,"Slug":"building","IsBase":false,"IsYuor":false,"IsPremium":false},{"TypeOfSumInsured":"namedPerils","Deductible":"0","SumInsuredLimitOfIndemnity":0,"Slug":"content","IsBase":false,"IsYuor":false,"IsPremium":false},{"TypeOfSumInsured":"namedPerils","Deductible":"0","SumInsuredLimitOfIndemnity":0,"Slug":"machinery-breakdown","IsBase":false,"IsYuor":false,"IsPremium":false},{"TypeOfSumInsured":"namedPerils","Deductible":"0","SumInsuredLimitOfIndemnity":0,"Slug":"third-party-recourse","IsBase":false,"IsYuor":false,"IsPremium":false},{"TypeOfSumInsured":"namedPerils","Deductible":"0","SumInsuredLimitOfIndemnity":0,"Slug":"damage-to-goods-course-of-works","IsBase":false,"IsYuor":false,"IsPremium":false},{"TypeOfSumInsured":"namedPerils","Deductible":"0","SumInsuredLimitOfIndemnity":1000000,"Slug":"employers-liability","IsBase":true,"IsYuor":true,"IsPremium":true},{"TypeOfSumInsured":"namedPerils","Deductible":"0","SumInsuredLimitOfIndemnity":0,"Slug":"third-party-liability-construction-company","IsBase":false,"IsYuor":false,"IsPremium":false},{"TypeOfSumInsured":"namedPerils","Deductible":"0","SumInsuredLimitOfIndemnity":0,"Slug":"earthquake","IsBase":false,"IsYuor":false,"IsPremium":false},{"TypeOfSumInsured":"namedPerils","Deductible":"0","SumInsuredLimitOfIndemnity":0,"Slug":"river-flood","IsBase":false,"IsYuor":false,"IsPremium":false},{"TypeOfSumInsured":"namedPerils","Deductible":"0","SumInsuredLimitOfIndemnity":0,"Slug":"electronic-equipment","IsBase":false,"IsYuor":false,"IsPremium":false},{"TypeOfSumInsured":"namedPerils","Deductible":"0","SumInsuredLimitOfIndemnity":0,"Slug":"property-owners-liability","IsBase":false,"IsYuor":false,"IsPremium":false},{"TypeOfSumInsured":"namedPerils","Deductible":"0","SumInsuredLimitOfIndemnity":500000,"Slug":"legal-defence","IsBase":false,"IsYuor":false,"IsPremium":true},{"TypeOfSumInsured":"namedPerils","Deductible":"0","SumInsuredLimitOfIndemnity":0,"Slug":"valuables-in-safe-strongrooms","IsBase":false,"IsYuor":false,"IsPremium":false},{"TypeOfSumInsured":"namedPerils","Deductible":"0","SumInsuredLimitOfIndemnity":0,"Slug":"restoration-of-data","IsBase":false,"IsYuor":false,"IsPremium":false},{"TypeOfSumInsured":"namedPerils","Deductible":"0","SumInsuredLimitOfIndemnity":0,"Slug":"defect-liability-workmanships","IsBase":false,"IsYuor":false,"IsPremium":false},{"TypeOfSumInsured":"namedPerils","Deductible":"0","SumInsuredLimitOfIndemnity":0,"Slug":"defect-liability-dm-37-2008","IsBase":false,"IsYuor":false,"IsPremium":false},{"TypeOfSumInsured":"namedPerils","Deductible":"0","SumInsuredLimitOfIndemnity":500000,"Slug":"cyber","IsBase":false,"IsYuor":false,"IsPremium":true},{"TypeOfSumInsured":"namedPerils","Deductible":"0","SumInsuredLimitOfIndemnity":0,"Slug":"sociopolitical-event","IsBase":false,"IsYuor":false,"IsPremium":false},{"TypeOfSumInsured":"namedPerils","Deductible":"0","SumInsuredLimitOfIndemnity":0,"Slug":"terrorism","IsBase":false,"IsYuor":false,"IsPremium":false},{"TypeOfSumInsured":"namedPerils","Deductible":"0","SumInsuredLimitOfIndemnity":0,"Slug":"theft","IsBase":false,"IsYuor":false,"IsPremium":false},{"TypeOfSumInsured":"namedPerils","Deductible":"0","SumInsuredLimitOfIndemnity":0,"Slug":"software-under-license","IsBase":false,"IsYuor":false,"IsPremium":false}]