{
   "sme":{
      "ateco":"110400",
      "subproductId":35.0,
      "UW_role":"Agent",
      "company":{
         "vatnumber":{
            "value":"01340380193"
         },
         "opre_eur":{ "value":50000.000000000000000000},
         "employees":{"value":10.0}
      },
      "answers":{
         "step1":[
            {
               "slug":"third-party-liability",
               "value":{
                  "typeOfSumInsured":"firstLoss",
                  "deductible":"500",
                  "sumInsuredLimitOfIndemnity":500000.00
               }
            },
            {
               "slug":"employers-liability",
               "value":{
                  "typeOfSumInsured":"firstLoss",
                  "deductible":"2600",
                  "sumInsuredLimitOfIndemnity":500000.00
               }
            },
            {
               "slug":"product-liability",
               "value":{
                  "typeOfSumInsured":"firstLoss",
                  "deductible":"5000",
                  "selfInsurance":"0.10",
                  "sumInsuredLimitOfIndemnity":150000.00
               }
            },
            {
               "slug":"damage-to-goods-in-custody",
               "value":{
                  "typeOfSumInsured":"firstLoss",
                  "deductible":"500",
                  "selfInsurance":"0.10",
                  "sumInsuredLimitOfIndemnity":0.0
               }
            },
            {
               "slug":"defect-liability-workmanships",
               "value":{
                  "typeOfSumInsured":"firstLoss",
                  "deductible":"500",
                  "selfInsurance":"0.10",
                  "sumInsuredLimitOfIndemnity":50000.00
               }
            },
            {
               "slug":"defect-liability-12-months",
               "value":{
                  "typeOfSumInsured":"firstLoss",
                  "deductible":"500",
                  "selfInsurance":"0.10",
                  "sumInsuredLimitOfIndemnity":50000.00
               }
            },
            {
               "slug":"defect-liability-dm-37-2008",
               "value":{
                  "typeOfSumInsured":"firstLoss",
                  "deductible":"500",
                  "selfInsurance":"0.10",
                  "sumInsuredLimitOfIndemnity":50000.00
               }
            },
            {
               "slug":"property-damage-due-to-theft",
               "value":{
                  "typeOfSumInsured":"firstLoss",
                  "deductible":"500",
                  "selfInsurance":"0.10",
                  "sumInsuredLimitOfIndemnity":50000.00
               }
            },
            {
               "slug":"damage-to-goods-course-of-works",
               "value":{
                  "typeOfSumInsured":"firstLoss",
                  "deductible":"500",
                  "selfInsurance":"0.10",
                  "sumInsuredLimitOfIndemnity":15000.00
               }
            },
            {
               "slug":"third-party-liability-construction-company",
               "value":{
                  "typeOfSumInsured":"firstLoss",
                  "deductible":"5000",
                  "sumInsuredLimitOfIndemnity":50000.00
               }
            },
            {
               "slug":"legal-defence",
               "value":{
                  "legalDefence":"extended"
               }
            },
            {
               "slug":"cyber",
               "value":{
                  "typeOfSumInsured":"firstLoss",
                  "deductible":"500",
                  "sumInsuredLimitOfIndemnity":5000.00
               }
            }
         ],
         "step2":[
            {
               "buildingId":"2",
               "value":{
                  "buildingType":"masonry",
                  "numberOfFloors":"ground_floor",
                  "constructionYear":"1972between2009",
                  "alarm":"yes",
                  "typeOfInsurance":"allRisks",
                  "ateco":"110400",
                  "postcode":"26013",
                  "province":"CR",
                  "answer":[
                     {
                        "slug":"building",
                        "value":{
                           "typeOfSumInsured":"firstLoss",
                           "deductible":"0",
                           "sumInsuredLimitOfIndemnity":100000.00
                        }
                     },
                     {
                        "slug":"content",
                        "value":{
                           "typeOfSumInsured":"firstLoss",
                           "deductible":"500",
                           "sumInsuredLimitOfIndemnity":10000.00
                        }
                     },
                     {
                        "slug":"third-party-recourse",
                        "value":{
                           "typeOfSumInsured":"firstLoss",
                           "deductible":"1000",
                           "selfInsurance":"0.10",
                           "sumInsuredLimitOfIndemnity":150000.00
                        }
                     },
                     {
                        "slug":"burst-pipe",
                        "value":{
                           "typeOfSumInsured":"firstLoss",
                           "deductible":"250",
                           "sumInsuredLimitOfIndemnity":35000.00
                        }
                     },
                     {
                        "slug":"power-surge",
                        "value":{
                           "typeOfSumInsured":"firstLoss",
                           "deductible":"1000",
                           "selfInsurance":"0.10",
                           "sumInsuredLimitOfIndemnity":10000.00
                        }
                     },
                     {
                        "slug":"atmospheric-event",
                        "value":{
                           "typeOfSumInsured":"firstLoss",
                           "deductible":"1000",
                           "selfInsurance":"0.10",
                           "sumInsuredLimitOfIndemnity":110000.00
                        }
                     },
                     {
                        "slug":"sociopolitical-event",
                        "value":{
                           "typeOfSumInsured":"firstLoss",
                           "deductible":"500",
                           "selfInsurance":"0.05",
                           "sumInsuredLimitOfIndemnity":88000.00
                        }
                     },
                     {
                        "slug":"terrorism",
                        "value":{
                           "typeOfSumInsured":"firstLoss",
                           "deductible":"500",
                           "selfInsurance":"0.05",
                           "sumInsuredLimitOfIndemnity":55000.00
                        }
                     },
                     {
                        "slug":"earthquake",
                        "value":{
                           "typeOfSumInsured":"firstLoss",
                           "deductible":"500",
                           "selfInsurance":"0.05",
                           "sumInsuredLimitOfIndemnity":0.3
                        }
                     },
                     {
                        "slug":"river-flood",
                        "value":{
                           "typeOfSumInsured":"firstLoss",
                           "deductible":"500",
                           "selfInsurance":"0.05",
                           "sumInsuredLimitOfIndemnity":0.3
                        }
                     },
                     {
                        "slug":"water-damage",
                        "value":{
                           "typeOfSumInsured":"firstLoss",
                           "deductible":"500",
                           "selfInsurance":"0.05",
                           "sumInsuredLimitOfIndemnity":0.3
                        }
                     },
                     {
                        "slug":"glass",
                        "value":{
                           "typeOfSumInsured":"firstLoss",
                           "deductible":"0",
                           "sumInsuredLimitOfIndemnity":2500.00
                        }
                     },
                     {
                        "slug":"machinery-breakdown",
                        "value":{
                           "typeOfSumInsured":"firstLoss",
                           "deductible":"1500",
                           "sumInsuredLimitOfIndemnity":20000.00
                        }
                     },
                     {
                        "slug":"property-owners-liability",
                        "value":{
                           "typeOfSumInsured":"firstLoss",
                           "deductible":"1000",
                           "sumInsuredLimitOfIndemnity":500000.00
                        }
                     },
                     {
                        "slug":"environmental-liability",
                        "value":{
                           "typeOfSumInsured":"firstLoss",
                           "deductible":"5000",
                           "selfInsurance":"0.10",
                           "sumInsuredLimitOfIndemnity":100000.00
                        }
                     },
                     {
                        "slug":"theft",
                        "value":{
                           "typeOfSumInsured":"firstLoss",
                           "deductible":"500",
                           "sumInsuredLimitOfIndemnity":5000.00
                        }
                     },
                     {
                        "slug":"valuables-in-safe-strongrooms",
                        "value":{
                           "typeOfSumInsured":"firstLoss",
                           "deductible":"500",
                           "sumInsuredLimitOfIndemnity":5000.00
                        }
                     },
                     {
                        "slug":"valuables",
                        "value":{
                           "typeOfSumInsured":"firstLoss",
                           "deductible":"500",
                           "sumInsuredLimitOfIndemnity":2500.00
                        }
                     },
                     {
                        "slug":"assistance",
                        "value":{
                           "assistance":"yes"
                        }
                     },
                     {
                        "slug":"business-interruption",
                        "value":{
                           "typeOfSumInsured":"firstLoss",
                           "deductible":"5days",
                           "sumInsuredLimitOfIndemnity":25000.0,
                           "dailyAllowance":"250"
                        }
                     },
                     {
                        "slug":"electronic-equipment",
                        "value":{
                           "typeOfSumInsured":"firstLoss",
                           "deductible":"500",
                           "sumInsuredLimitOfIndemnity":10000.00
                        }
                     },
                     {
                        "slug":"increased-cost-of-working",
                        "value":{
                           "typeOfSumInsured":"firstLoss",
                           "deductible":"3days",
                           "sumInsuredLimitOfIndemnity":10000.00
                        }
                     },
                     {
                        "slug":"software-under-license",
                        "value":{
                           "typeOfSumInsured":"firstLoss",
                           "deductible":"500",
                           "sumInsuredLimitOfIndemnity":0.0
                        }
                     },
                     {
                        "slug":"restoration-of-data",
                        "value":{
                           "typeOfSumInsured":"firstLoss",
                           "deductible":"500",
                           "sumInsuredLimitOfIndemnity":1000.00
                        }
                     }
                  ]
               }
            }
         ]
      }
   }
}