{
   "result":{
      "answers":{
         "step1":[
            {
               "slug":"third-party-liability",
               "value":{
                  "premiumNet":100.99,
                  "premiumTaxAmount":0.0,
                  "premiumGross":0.0
               }
            },
            {
               "slug":"employers-liability",
               "value":{
                  "premiumNet":71.84,
                  "premiumTaxAmount":0.0,
                  "premiumGross":0.0
               }
            },
            {
               "slug":"product-liability",
               "value":{
                  "premiumNet":708.15,
                  "premiumTaxAmount":0.0,
                  "premiumGross":0.0
               }
            },
            {
               "slug":"damage-to-goods-in-custody",
               "value":{
                  "premiumNet":2322.68,
                  "premiumTaxAmount":0.0,
                  "premiumGross":0.0
               }
            },
            {
               "slug":"defect-liability-workmanships",
               "value":{
                  "premiumNet":2827.61,
                  "premiumTaxAmount":0.0,
                  "premiumGross":0.0
               }
            },
            {
               "slug":"defect-liability-12-months",
               "value":{
                  "premiumNet":1716.77,
                  "premiumTaxAmount":0.0,
                  "premiumGross":0.0
               }
            },
            {
               "slug":"defect-liability-dm-37-2008",
               "value":{
                  "premiumNet":3433.53,
                  "premiumTaxAmount":0.0,
                  "premiumGross":0.0
               }
            },
            {
               "slug":"property-damage-due-to-theft",
               "value":{
                  "premiumNet":1110.85,
                  "premiumTaxAmount":0.0,
                  "premiumGross":0.0
               }
            },
            {
               "slug":"damage-to-goods-course-of-works",
               "value":{
                  "premiumNet":1716.77,
                  "premiumTaxAmount":0.0,
                  "premiumGross":0.0
               }
            },
            {
               "slug":"third-party-liability-construction-company",
               "value":{
                  "premiumNet":1009.86,
                  "premiumTaxAmount":0.0,
                  "premiumGross":0.0
               }
            },
            {
               "slug":"legal-defence",
               "value":{
                  "premiumNet":210.31,
                  "premiumTaxAmount":0.0,
                  "premiumGross":0.0
               }
            },
            {
               "slug":"cyber",
               "value":{
                  "premiumNet":255.2,
                  "premiumTaxAmount":0.0,
                  "premiumGross":0.0
               }
            }
         ],
         "step2":[
            {
               "buildingId":"2",
               "value":[
                  {
                     "slug":"building",
                     "value":{
                        "premiumNet":463.2,
                        "premiumTaxAmount":0.0,
                        "premiumGross":0.0
                     }
                  },
                  {
                     "slug":"content",
                     "value":{
                        "premiumNet":45.79,
                        "premiumTaxAmount":0.0,
                        "premiumGross":0.0
                     }
                  },
                  {
                     "slug":"third-party-recourse",
                     "value":{
                        "premiumNet":114.77,
                        "premiumTaxAmount":0.0,
                        "premiumGross":0.0
                     }
                  },
                  {
                     "slug":"burst-pipe",
                     "value":{
                        "premiumNet":63.0,
                        "premiumTaxAmount":0.0,
                        "premiumGross":0.0
                     }
                  },
                  {
                     "slug":"power-surge",
                     "value":{
                        "premiumNet":148.01,
                        "premiumTaxAmount":0.0,
                        "premiumGross":0.0
                     }
                  },
                  {
                     "slug":"atmospheric-event",
                     "value":{
                        "premiumNet":38.49,
                        "premiumTaxAmount":0.0,
                        "premiumGross":0.0
                     }
                  },
                  {
                     "slug":"sociopolitical-event",
                     "value":{
                        "premiumNet":6.16,
                        "premiumTaxAmount":0.0,
                        "premiumGross":0.0
                     }
                  },
                  {
                     "slug":"terrorism",
                     "value":{
                        "premiumNet":1.1,
                        "premiumTaxAmount":0.0,
                        "premiumGross":0.0
                     }
                  },
                  {
                     "slug":"earthquake",
                     "value":{
                        "premiumNet":18.87,
                        "premiumTaxAmount":0.0,
                        "premiumGross":0.0
                     }
                  },
                  {
                     "slug":"river-flood",
                     "value":{
                        "premiumNet":6.6,
                        "premiumTaxAmount":0.0,
                        "premiumGross":0.0
                     }
                  },
                  {
                     "slug":"water-damage",
                     "value":{
                        "premiumNet":14.19,
                        "premiumTaxAmount":0.0,
                        "premiumGross":0.0
                     }
                  },
                  {
                     "slug":"glass",
                     "value":{
                        "premiumNet":28.25,
                        "premiumTaxAmount":0.0,
                        "premiumGross":0.0
                     }
                  },
                  {
                     "slug":"machinery-breakdown",
                     "value":{
                        "premiumNet":258.6,
                        "premiumTaxAmount":0.0,
                        "premiumGross":0.0
                     }
                  },
                  {
                     "slug":"property-owners-liability",
                     "value":{
                        "premiumNet":87.91,
                        "premiumTaxAmount":0.0,
                        "premiumGross":0.0
                     }
                  },
                  {
                     "slug":"environmental-liability",
                     "value":{
                        "premiumNet":17.17,
                        "premiumTaxAmount":0.0,
                        "premiumGross":0.0
                     }
                  },
                  {
                     "slug":"theft",
                     "value":{
                        "premiumNet":82.09,
                        "premiumTaxAmount":0.0,
                        "premiumGross":0.0
                     }
                  },
                  {
                     "slug":"valuables-in-safe-strongrooms",
                     "value":{
                        "premiumNet":79.97,
                        "premiumTaxAmount":0.0,
                        "premiumGross":0.0
                     }
                  },
                  {
                     "slug":"valuables",
                     "value":{
                        "premiumNet":31.7,
                        "premiumTaxAmount":0.0,
                        "premiumGross":0.0
                     }
                  },
                  {
                     "slug":"assistance",
                     "value":{
                        "premiumNet":36.0,
                        "premiumTaxAmount":0.0,
                        "premiumGross":0.0
                     }
                  },
                  {
                     "slug":"business-interruption",
                     "value":{
                        "premiumNet":84.0,
                        "premiumTaxAmount":0.0,
                        "premiumGross":0.0
                     }
                  },
                  {
                     "slug":"electronic-equipment",
                     "value":{
                        "premiumNet":215.0,
                        "premiumTaxAmount":0.0,
                        "premiumGross":0.0
                     }
                  },
                  {
                     "slug":"increased-cost-of-working",
                     "value":{
                        "premiumNet":114.0,
                        "premiumTaxAmount":0.0,
                        "premiumGross":0.0
                     }
                  },
                  {
                     "slug":"software-under-license",
                     "value":{
                        "premiumNet":170.0,
                        "premiumTaxAmount":0.0,
                        "premiumGross":0.0
                     }
                  },
                  {
                     "slug":"restoration-of-data",
                     "value":{
                        "premiumNet":170.0,
                        "premiumTaxAmount":0.0,
                        "premiumGross":0.0
                     }
                  }
               ]
            }
         ]
      }
   }
}